<?xml version="1.0" encoding="UTF-8"?>
<!DOCTYPE hibernate-mapping PUBLIC 
    "-//Hibernate/Hibernate Mapping DTD 3.0//EN"
    "http://www.hibernate.org/dtd/hibernate-mapping-3.0.dtd">
<hibernate-mapping>
  <class name="cn.itcast.shop.category.domain.Category" table="category">
      <id name="cid" column="cid">
         <generator class="native"></generator>
      </id>
      <property name="cname" column="cname"></property>
      <set order-by="csid" name="categorySeconds" lazy="false">
         <key column="cid"></key>
         <one-to-many class="cn.itcast.shop.categorysencod.domain.CategorySecond"/>
      </set>
  </class>

</hibernate-mapping>