<?xml version="1.0" encoding="UTF-8"?>
<beans xmlns="http://www.springframework.org/schema/beans"
    xmlns:xsi="http://www.w3.org/2001/XMLSchema-instance"
    xmlns:context="http://www.springframework.org/schema/context"
    xmlns:aop="http://www.springframework.org/schema/aop" 
    xmlns:tx="http://www.springframework.org/schema/tx" 
    xsi:schemaLocation=" http://www.springframework.org/schema/beans 
    http://www.springframework.org/schema/beans/spring-beans.xsd
    http://www.springframework.org/schema/context
    http://www.springframework.org/schema/context/spring-context.xsd
    http://www.springframework.org/schema/aop 
    http://www.springframework.org/schema/aop/spring-aop.xsd
    http://www.springframework.org/schema/tx
    http://www.springframework.org/schema/tx/spring-tx.xsd"> 
    <!-- 配置c3p0连接池 -->
    <bean id="dataSource" class="com.mchange.v2.c3p0.ComboPooledDataSource">
       <property name="driverClass" value="com.mysql.jdbc.Driver"></property>
       <property name="jdbcUrl" value="jdbc:mysql:///shop"></property>
       <property name="user" value="root"></property>
       <property name="password" value="root"></property>
    </bean>
    <!-- 创建sessionfactory -->
    <bean id="sessionFactory"  class="org.springframework.orm.hibernate5.LocalSessionFactoryBean">
       <property name="dataSource" ref="dataSource"></property>
       <property name="configLocations" value="classpath:hibernate.cfg.xml"></property>
    </bean>
    <!-- 创建事务 -->
    <bean id="transactionManager" class="org.springframework.orm.hibernate5.HibernateTransactionManager">
      <property name="sessionFactory" ref="sessionFactory"></property>
    </bean>
    <!-- 开启注解 -->
    <tx:annotation-driven transaction-manager="transactionManager"/>
    <!-- spring中的hibernate模板 -->
    <bean id="hibernateTemplate" class="org.springframework.orm.hibernate5.HibernateTemplate">
        <property name="sessionFactory" ref="sessionFactory"></property>
    </bean>
    <bean id="index" class="cn.itcast.shop.index.action.IndexAction" scope="prototype">
         <property name="categoryService" ref="categoryService"></property>
          <property name="productService" ref="productService"></property>
    </bean>
     <bean id="checkImgAction" class="cn.itcast.shop.user.action.CheckImgAction" scope="prototype"></bean>
    
    <bean id="userAction" class="cn.itcast.shop.user.action.UserAction" scope="prototype">
       <property name="userService" ref="userService"></property>
    </bean>
    <bean id="userDao" class="cn.itcast.shop.user.dao.UserDao">
        <property name="sessionFactory" ref="sessionFactory"></property>
    </bean>
    <bean id="userService" class="cn.itcast.shop.user.service.UserService">
        <property name="userDao" ref="userDao"></property>
    </bean>
   <!-- 一级分类category的bean -->
   <bean id="categoryDao" class="cn.itcast.shop.category.dao.CategoryDao">
        <property name="sessionFactory" ref="sessionFactory"></property>
   </bean>
   <bean id="categoryService" class="cn.itcast.shop.category.service.CategoryService">
        <property name="categoryDao" ref="categoryDao"></property>
   </bean>
   <bean id="categoryAction" class="cn.itcast.shop.category.action.CategoryAction" scope="prototype">
        <property name="categoryService" ref="categoryService"></property>
   </bean>
   <!-- product的bean -->
   <bean id="productDao" class="cn.itcast.shop.product.dao.ProductDao">
      <property name="sessionFactory" ref="sessionFactory"></property>
   </bean>
   <bean id="productService" class="cn.itcast.shop.product.service.ProductService">
       <property name="productDao" ref="productDao"></property>
   </bean>
   <bean id="productAction" class="cn.itcast.shop.product.action.ProductAction" scope="prototype">
      <property name="productService" ref="productService"></property>
   </bean>
   <!-- 购物车的 -->
   <bean id="cartAction" class="cn.itcast.shop.cart.action.CartAction" scope="prototype">
       <property name="productService" ref="productService"></property>
   </bean>
   <!-- 订单的 -->
   <bean id="orderAction" class="cn.itcast.shop.order.action.OrderAction" scope="prototype">
      <property name="orderService" ref="orderService"></property>
   </bean>
   <bean id="orderDao" class="cn.itcast.shop.order.dao.OrderDao" >
      <property name="sessionFactory" ref="sessionFactory"></property>
   </bean>
   <bean id="orderService" class="cn.itcast.shop.order.service.OrderService" >
       <property name="orderDao" ref="orderDao"></property>
   </bean>
</beans>