<?xml version="1.0" encoding="UTF-8"?>
<!DOCTYPE hibernate-configuration PUBLIC
	"-//Hibernate/Hibernate Configuration DTD 3.0//EN"
	"http://www.hibernate.org/dtd/hibernate-configuration-3.0.dtd">
	<hibernate-configuration>
<session-factory>
	<!-- 数据库的配置，必须，交给spring创建 -->
	<!-- hibernate的配置，可选 -->
	<property name="hibernate.dialect">
		org.hibernate.dialect.MySQLDialect
	</property>
	<property name="hibernate.show_sql">true</property>
	<property name="hibernate.format_sql">true</property>
	<property name="hibernate.hbm2ddl.auto">update</property>
	<!-- 把映射文件配置到核心配置文件中 -->
	<mapping resource="cn/itcast/shop/user/action/user.hbm.xml" />
	<mapping resource="cn/itcast/shop/category/domain/category.hbm.xml" />
	<mapping resource="cn/itcast/shop/product/domain/product.hbm.xml" />
	<mapping
		resource="cn/itcast/shop/categorysencod/domain/categorySecond.hbm.xml" />
	<mapping resource="cn/itcast/shop/order/domain/orderItem.hbm.xml" />
	<mapping resource="cn/itcast/shop/order/domain/order.hbm.xml" />
</session-factory>
</hibernate-configuration>