<?xml version="1.0" encoding="UTF-8"?>
<!DOCTYPE struts PUBLIC
	"-//Apache Software Foundation//DTD Struts Configuration 2.3//EN"
	"http://struts.apache.org/dtds/struts-2.3.dtd">
	<struts>
	<package name="struts" extends="struts-default" namespace="/">
	<global-results>
	   <result name="msg">/WEB-INF/jsp/msg.jsp</result>
	   <result name="login">/WEB-INF/jsp/login.jsp</result>
	</global-results>
	<!-- 把action的创建交给spring -->
	<action name="index" class="index">
	   <result name="index">/WEB-INF/jsp/index.jsp</result>
	   
	</action>
	<action name="user_*" class="userAction" method="{1}">
	   <result name="register">/WEB-INF/jsp/register.jsp</result>
	   <result name="input">/WEB-INF/jsp/register.jsp</result>
	   <result name="loginPage">/WEB-INF/jsp/login.jsp</result>
	 
	   <result name="loginsuccess" type="redirectAction">index</result>
	   <result name="quit" type="redirectAction">index</result>	   
	</action>
	
	<action name="checkImg" class="checkImgAction">
	
	</action>
	<action name="product_*" class="productAction" method="{1}">
	   <result name="findByPid">/WEB-INF/jsp/product.jsp</result>
	   <result name="findByCid">/WEB-INF/jsp/productList.jsp</result>
	    <result name="findByCsid">/WEB-INF/jsp/productList.jsp</result>
	</action>
	<action name="cart_*" class="cartAction" method="{1}">
	   <result name="addCart">/WEB-INF/jsp/cart.jsp</result>
	   <result name="clearCart">/WEB-INF/jsp/cart.jsp</result>
	   <result name="deleteCart">/WEB-INF/jsp/cart.jsp</result>
	   <result name="myCart">/WEB-INF/jsp/cart.jsp</result>
	</action>
	<action name="order_*" class="orderAction" method="{1}">
	   <result name="save">/WEB-INF/jsp/order.jsp</result>
	    <result name="findByUid">/WEB-INF/jsp/orderList.jsp</result>
	    <result name="findByOid">/WEB-INF/jsp/order.jsp</result>
	</action>
	</package>
	</struts>