<?xml version="1.0" encoding="UTF-8"?>
<!DOCTYPE hibernate-mapping PUBLIC 
    "-//Hibernate/Hibernate Mapping DTD 3.0//EN"
    "http://www.hibernate.org/dtd/hibernate-mapping-3.0.dtd">
<hibernate-mapping>
 <class name="cn.itcast.shop.product.domain.Product" table="product">
   <id name="pid" column="pid">
     <generator class="native"></generator>
   </id>
   <property name="pname" column="pname"></property>
   <property name="market_price" column="market_price"></property>
   <property name="shop_price" column="shop_price"></property>
   <property name="image" column="image"></property>
   <property name="pdesc" column="pdesc"></property>
   <property name="is_hot" column="is_hot"></property>
   <property name="pdate" column="pdate"></property>
   <many-to-one name="categorySecond" lazy="false" class="cn.itcast.shop.categorysencod.domain.CategorySecond" column="csid">
   </many-to-one>
 </class>

</hibernate-mapping>