<?xml version="1.0" encoding="UTF-8"?>
<!DOCTYPE hibernate-mapping PUBLIC 
    "-//Hibernate/Hibernate Mapping DTD 3.0//EN"
    "http://www.hibernate.org/dtd/hibernate-mapping-3.0.dtd">
<hibernate-mapping>
  <class name="cn.itcast.shop.order.domain.OrderItem" table="orderitem">
     <id name="itemid">
       <generator class="native"></generator>
     </id>
     <property name="count"></property>
     <property name="subtotal"></property>
     <many-to-one name="order" class="cn.itcast.shop.order.domain.Order" column="oid"/>
     <many-to-one name="product" lazy="false" class="cn.itcast.shop.product.domain.Product" column="pid"/>
  </class>

</hibernate-mapping>