<?xml version="1.0" encoding="UTF-8"?>
<!DOCTYPE hibernate-mapping PUBLIC 
    "-//Hibernate/Hibernate Mapping DTD 3.0//EN"
    "http://www.hibernate.org/dtd/hibernate-mapping-3.0.dtd">
<hibernate-mapping>
  <class name="cn.itcast.shop.order.domain.Order" table="orders">
    <id name="oid">
       <generator class="native"></generator>
    </id>
    <property name="total"></property>
    <property name="datetime"></property>
    <property name="state"></property>
    <property name="name"></property>
    <property name="phone"></property>
    <property name="addr"></property>
    <many-to-one name="user" lazy="false" class="cn.itcast.shop.user.domain.User" column="uid"></many-to-one>
    <set name="orderItems" lazy="false" cascade="save-update">
       <key column="uid"></key>
       <one-to-many class="cn.itcast.shop.order.domain.OrderItem"/>
    </set>
  </class>

</hibernate-mapping>