<?xml version="1.0" encoding="UTF-8"?>
<!DOCTYPE hibernate-mapping PUBLIC 
    "-//Hibernate/Hibernate Mapping DTD 3.0//EN"
    "http://www.hibernate.org/dtd/hibernate-mapping-3.0.dtd">
<hibernate-mapping>
  <class name="cn.itcast.shop.categorysencod.domain.CategorySecond" table="categorySecond">
      <id name="csid" column="csid">
         <generator class="native"></generator>
      </id>
      <property name="csname" column="csname"></property>
      <many-to-one name="category" lazy="false" class="cn.itcast.shop.category.domain.Category" column="cid"></many-to-one>
      <set name="products" >
         <key column="csid"></key>
         <one-to-many class="cn.itcast.shop.product.domain.Product"/>
      </set>
  </class>

</hibernate-mapping>